sample_id,label,measure,thang,nam,agree
BDD04,alternative_drivable,count,1,1,1
BDD04,alternative_drivable,attr:needs_review,false,false,1
BDD04,direct_drivable,count,1,1,1
BDD04,direct_drivable,attr:needs_review,false,false,1
BDD04,review_required,tag,0,0,1
BDD04,sidewalk,count,3,1,0
BDD04,uncertain_area,count,2,2,1
BDD04,uncertain_area,attr:needs_review,false|false,false|false,1
BDD10,alternative_drivable,count,5,3,0
BDD10,alternative_drivable,attr:needs_review,false|false|false|false|false,false|false|false,0
BDD10,direct_drivable,count,1,1,1
BDD10,direct_drivable,attr:needs_review,false,false,1
BDD10,review_required,tag,0,0,1
BDD10,sidewalk,count,2,0,0
BDD10,uncertain_area,count,0,0,1
BDD11,alternative_drivable,count,0,0,1
BDD11,direct_drivable,count,1,1,1
BDD11,direct_drivable,attr:needs_review,false,false,1
BDD11,review_required,tag,0,0,1
BDD11,sidewalk,count,2,2,1
BDD11,uncertain_area,count,2,1,0
BDD11,uncertain_area,attr:needs_review,false|false,false,0
BDD16,alternative_drivable,count,0,0,1
BDD16,direct_drivable,count,1,1,1
BDD16,direct_drivable,attr:needs_review,false,false,1
BDD16,review_required,tag,0,0,1
BDD16,sidewalk,count,0,0,1
BDD16,uncertain_area,count,0,0,1
BDD17,alternative_drivable,count,2,2,1
BDD17,alternative_drivable,attr:needs_review,false|false,false|false,1
BDD17,direct_drivable,count,1,1,1
BDD17,direct_drivable,attr:needs_review,false,false,1
BDD17,review_required,tag,0,0,1
BDD17,sidewalk,count,1,0,0
BDD17,uncertain_area,count,0,0,1
BDD20,alternative_drivable,count,2,1,0
BDD20,alternative_drivable,attr:needs_review,false|false,false,0
BDD20,direct_drivable,count,1,1,1
BDD20,direct_drivable,attr:needs_review,false,false,1
BDD20,review_required,tag,0,0,1
BDD20,sidewalk,count,1,2,0
BDD20,uncertain_area,count,0,0,1
BDD24,alternative_drivable,count,0,0,1
BDD24,direct_drivable,count,1,1,1
BDD24,direct_drivable,attr:needs_review,false,false,1
BDD24,review_required,tag,1,1,1
BDD24,review_required,attr:reason,__undefined__,__undefined__,1
BDD24,sidewalk,count,0,0,1
BDD24,uncertain_area,count,1,1,1
BDD24,uncertain_area,attr:needs_review,true,true,1
