sample_id,decision_id,expected,severity,kind,peer_evidence,correct,note
BDD12,d1,label=direct_drivable x1 ở làn giữa (sau xe van trắng) phủ trùm vạch đi bộ phía trước; không cắt tại vạch,major,decision,alternative_drivable [needs_review=false]×2 | direct_drivable [needs_review=false] | sidewalk×2 | uncertain_area [needs_review=false]×2,1,Đúng: direct_drivable 1 polygon ở làn giữa phủ trùm crosswalk
BDD12,d2,label=alternative_drivable x2: làn trái (xe SUV đen) và làn phải (taxi vàng); mỗi làn một polygon riêng,major,decision,alternative_drivable [needs_review=false]×2 | direct_drivable [needs_review=false] | sidewalk×2 | uncertain_area [needs_review=false]×2,1,Đúng: vẽ 2 polygon alternative riêng biệt cho làn trái và làn phải
BDD12,d3,KHÔNG có polygon drivable (direct/alternative/uncertain) bên trái vạch vàng kép,critical,decision,alternative_drivable [needs_review=false]×2 | direct_drivable [needs_review=false] | sidewalk×2 | uncertain_area [needs_review=false]×2,0,Lỗi Critical: Peer vẽ uncertain_area ở làn ngược chiều bên trái vạch vàng kép
BDD12,d4,label=sidewalk ở dải vỉa hè bên phải nơi hai người đứng; KHÔNG có polygon drivable trên dải này,critical,decision,alternative_drivable [needs_review=false]×2 | direct_drivable [needs_review=false] | sidewalk×2 | uncertain_area [needs_review=false]×2,0,Lỗi Critical: Peer vẽ thêm uncertain_area trùm lên vùng vỉa hè và sân cây xăng
BDD12,d5,geometry: polygon drivable bo theo mép ngoài xe SUV và xe van phía trước; không phủ lên thân / gầm xe,minor,geometry,alternative_drivable [needs_review=false]×2 | direct_drivable [needs_review=false] | sidewalk×2 | uncertain_area [needs_review=false]×2,1,Đúng geometry: polygon bo viền chừa thân và gầm xe phía trước
BDD15,d1,label=direct_drivable x1 ở làn chứa mũi xe ego (giữa hai vạch trắng đứt),major,decision,alternative_drivable [needs_review=false]×3 | direct_drivable [needs_review=false] | sidewalk,1,Đúng: direct_drivable ở làn xe ego đang chạy
BDD15,d2,label=alternative_drivable ở làn bên phải (giữa vạch đứt và bó vỉa sơn đỏ-trắng),major,decision,alternative_drivable [needs_review=false]×3 | direct_drivable [needs_review=false] | sidewalk,1,Đúng: alternative_drivable ở làn bên phải
BDD15,d3,KHÔNG có polygon drivable vượt qua bó vỉa đỏ-trắng bên phải (khu xe đỗ và vỉa hè phía sau),critical,decision,alternative_drivable [needs_review=false]×3 | direct_drivable [needs_review=false] | sidewalk,0,Lỗi Critical: Peer vẽ alternative_drivable vượt qua bó vỉa đỏ-trắng vào khu xe đỗ
BDD15,d4,geometry: mép phải alternative_drivable bám chân bó vỉa đỏ-trắng (≤ 3 px); không phủ lên bó vỉa,minor,geometry,alternative_drivable [needs_review=false]×3 | direct_drivable [needs_review=false] | sidewalk,1,Đúng geometry: mép phải bám chân bó vỉa đỏ-trắng
BDD15,d5,mép trái polygon làn ngoài cùng bên trái dừng tại chân gờ / rào kim loại; không vẽ lên rào,minor,decision,alternative_drivable [needs_review=false]×3 | direct_drivable [needs_review=false] | sidewalk,1,Đúng: dừng tại chân rào kim loại
BDD18,d1,label=direct_drivable ở làn bên phải vạch trắng liền (làn chứa mũi xe ego); phủ trùm vạch đi bộ,major,decision,alternative_drivable [needs_review=false]×2 | direct_drivable [needs_review=false],1,Đúng: direct_drivable ở làn phải vạch trắng liền và phủ trùm vạch đi bộ
BDD18,d2,KHÔNG gắn tag review_required (vạch đi bộ / xe đỗ / cột đèn vẫn nhìn thấy; needs_review=true trên polygon được chấp nhận),major,decision,alternative_drivable [needs_review=false]×2 | direct_drivable [needs_review=false],1,Đúng: không lạm dụng tag review_required cho cảnh đêm
BDD18,d3,KHÔNG có polygon drivable phủ lên hàng xe đỗ bên phải hay vỉa hè có cột đèn phía sau,critical,decision,alternative_drivable [needs_review=false]×2 | direct_drivable [needs_review=false],0,Lỗi Critical: Peer vẽ alternative_drivable phủ lên hàng xe đỗ và vỉa hè bên phải
BDD18,d4,label=sidewalk ở vỉa hè bên phải quanh cột đèn và đèn tín hiệu đi bộ,major,decision,alternative_drivable [needs_review=false]×2 | direct_drivable [needs_review=false],0,Bỏ sót: Peer không gán nhãn sidewalk ở khu vực cột đèn bên phải
BDD18,d5,geometry: mép phải direct_drivable bo theo mép ngoài hàng xe đỗ bên phải (xe trắng); không phủ lên xe,minor,geometry,alternative_drivable [needs_review=false]×2 | direct_drivable [needs_review=false],1,Đúng geometry: direct_drivable bo mép ngoài xe đỗ
BDD19,d1,label=direct_drivable ở làn ngoài cùng bên phải (giữa vạch trắng đứt và vạch trắng liền lề phải),major,decision,alternative_drivable [needs_review=false]×2 | direct_drivable [needs_review=false] | sidewalk,1,Đúng: direct_drivable ở làn ngoài cùng bên phải
BDD19,d2,label=alternative_drivable x2: làn xe bán tải và làn xe SUV đen bên trái; mỗi làn một polygon,major,decision,alternative_drivable [needs_review=false]×2 | direct_drivable [needs_review=false] | sidewalk,1,Đúng: tách rời 2 polygon alternative cho các làn bên trái
BDD19,d3,lề bê tông bên phải vạch trắng liền: KHÔNG có direct_drivable / alternative_drivable,major,decision,alternative_drivable [needs_review=false]×2 | direct_drivable [needs_review=false] | sidewalk,0,Sai rule: Peer vẽ alternative_drivable phủ lên lề bê tông ngoài vạch trắng liền
BDD19,d4,lề bê tông bên phải KHÔNG được vẽ sidewalk (lề cao tốc; không phải bề mặt dành cho người đi bộ),major,decision,alternative_drivable [needs_review=false]×2 | direct_drivable [needs_review=false] | sidewalk,0,Sai rule: Peer gắn nhãn sidewalk cho lề cao tốc (shoulder)
BDD19,d5,geometry: mép phải direct_drivable bám mép trong vạch trắng liền lề phải (≤ 3 px),minor,geometry,alternative_drivable [needs_review=false]×2 | direct_drivable [needs_review=false] | sidewalk,1,Đúng geometry: mép bám vạch trắng liền
BDD23,d1,label=direct_drivable x1 ở làn chạy giữa hai hàng xe đỗ,major,decision,alternative_drivable [needs_review=false]×2 | direct_drivable [needs_review=false] | sidewalk,1,Đúng: direct_drivable ở làn chạy giữa hai hàng xe đỗ
BDD23,d2,KHÔNG gắn tag review_required (tuyết chỉ còn trên vỉa hè; mặt đường nhìn rõ),major,decision,alternative_drivable [needs_review=false]×2 | direct_drivable [needs_review=false] | sidewalk,1,Đúng: không lạm dụng tag review_required khi mặt đường còn nhìn rõ
BDD23,d3,KHÔNG có polygon drivable trên vỉa hè trái có tuyết (phía sau hàng xe đỗ),critical,decision,alternative_drivable [needs_review=false]×2 | direct_drivable [needs_review=false] | sidewalk,1,Đúng: không có polygon drivable trên vỉa hè trái
BDD23,d4,geometry: direct_drivable bo quanh người đi xe đạp ở giữa đường; không phủ lên người / xe đạp,minor,geometry,alternative_drivable [needs_review=false]×2 | direct_drivable [needs_review=false] | sidewalk,1,Đúng geometry: bo quanh chừa người đi xe đạp ra ngoài
BDD23,d5,label=sidewalk ở phần vỉa hè trái nhìn thấy (có tuyết và gốc cây),major,decision,alternative_drivable [needs_review=false]×2 | direct_drivable [needs_review=false] | sidewalk,1,Đúng: gán nhãn sidewalk ở phần vỉa hè trái nhìn thấy
